objectid,filename,title,format,description,creator,date,item_information,subject,location,source,identifier,rights,rightsstatement,type,language
update001,update_sept_1983.pdf,"Update, Vol. 1, September 1983, No. 1",application/pdf,First newsletter from Southeastern Free Will Baptist College,Southeastern Free Will Baptist College,1983-09,two-page;newsletter,Opening Services: Sparks of Revival; Why I Came to Southeastern; Missions Conference; News Briefs; Enrollment; Coming Events,"36.8516° N, 75.9792° W",SFWBC Archives,https://drive.google.com/file/d/1oxLr1XN3Jvjtq4sP3xk6469xZqfAZQ1j/view?usp=sharing,"Educational use includes non-commercial use of text and images in materials for teaching and research purposes. Digital reproduction permissions granted by Southeastern Free Will Baptist College Library. For other uses beyond free use, please contact SFWBC Library at catherine.pendley@sfwbc.edu.",https://rightsstatements.org/vocab/InC-EDU/1.0/,Image,eng
update002,update_dec_1983.pdf,"Update, Vol. 1, December 1983, No. 2",application/pdf,SFWBC Newsletter,Southeastern Free Will Baptist College,1983-12,two-page;newsletter,"""God’s Priority""; Scholarships; “On the Go with Bro. Joe”; Welcome Days; Missionary Conference; Upcoming Events","36.8516° N, 75.9792° W",SFWBC Archives,https://drive.google.com/file/d/1UhJqelKmbAQ8Fp101szZVOQYbSE9yyp9/view?usp=sharing,"Educational use includes non-commercial use of text and images in materials for teaching and research purposes. Digital reproduction permissions granted by Southeastern Free Will Baptist College Library. For other uses beyond free use, please contact SFWBC Library at catherine.pendley@sfwbc.edu.",https://rightsstatements.org/vocab/InC-EDU/1.0/,Image,eng
update003,update_feb_1984.pdf,"Update, Vol. 1, February 1984, No. 3",application/pdf,SFWBC Newsletter,Southeastern Free Will Baptist College,1984-02,two-page;newsletter,"""Southeastern Announces Conference on Evangelism and Soul Winning""; Message from the President; Honor Roll; ""On the Go with Bro. Joe""; Important Information","36.8516° N, 75.9792° W",SFWBC Archives,https://drive.google.com/file/d/1oxLr1XN3Jvjtq4sP3xk6469xZqfAZQ1j/view?usp=sharing,"Educational use includes non-commercial use of text and images in materials for teaching and research purposes. Digital reproduction permissions granted by Southeastern Free Will Baptist College Library. For other uses beyond free use, please contact SFWBC Library at catherine.pendley@sfwbc.edu.",https://rightsstatements.org/vocab/InC-EDU/1.0/,Image,eng
update004,update_may_1984.pdf,"Update, Vol. 1, May 1984, No. 4",application/pdf,SFWBC Newsletter,Southeastern Free Will Baptist College,1984-05,two-page;newsletter,"""Conference on Soul Winning and Evangelism""; Basketball Tournament; Cooperating Board; Get Aquainted Days; Announcements","36.8516° N, 75.9792° W",SFWBC Archives,https://drive.google.com/file/d/16V9VH121Y2r1a29YGbrRcg9BAe8Uz9jZ/view?usp=sharing,"Educational use includes non-commercial use of text and images in materials for teaching and research purposes. Digital reproduction permissions granted by Southeastern Free Will Baptist College Library. For other uses beyond free use, please contact SFWBC Library at catherine.pendley@sfwbc.edu.",https://rightsstatements.org/vocab/InC-EDU/1.0/,Image,eng
update005,update_july_1984.pdf,"Update, Vol. 1, July 1984, No. 9",application/pdf,SFWBC Newsletter,Southeastern Free Will Baptist College,1984-07,two-page;newsletter,"Testimonies; ""Why You Should Pray About Attending Southeastern""; ""College Opens for Second Year""; Calendar; Budget; Honor Roll; Staff","36.8516° N, 75.9792° W",SFWBC Archives,https://drive.google.com/file/d/16V9VH121Y2r1a29YGbrRcg9BAe8Uz9jZ/view?usp=sharing,"Educational use includes non-commercial use of text and images in materials for teaching and research purposes. Digital reproduction permissions granted by Southeastern Free Will Baptist College Library. For other uses beyond free use, please contact SFWBC Library at catherine.pendley@sfwbc.edu.",https://rightsstatements.org/vocab/InC-EDU/1.0/,Image,eng
update006,update_sept_1984.pdf,"Update, Vol. 1, September 1984, No. 10",application/pdf,SFWBC Newsletter,Southeastern Free Will Baptist College,1984-09,two-page;newsletter,"""Southeastern Celebrates First Birthday""; Intern Program; Missions Conference; Enrollment; Staff; Basketball Tournament","36.8516° N, 75.9792° W",SFWBC Archives,https://drive.google.com/file/d/1NpZ-shGz3YPnR_li69TifdsaZgHjQt8U/view?usp=sharing,"Educational use includes non-commercial use of text and images in materials for teaching and research purposes. Digital reproduction permissions granted by Southeastern Free Will Baptist College Library. For other uses beyond free use, please contact SFWBC Library at catherine.pendley@sfwbc.edu.",https://rightsstatements.org/vocab/InC-EDU/1.0/,Image,eng
update007,update_nov_1984.pdf,"Update, Vol. 1, November 1984, No. 11",application/pdf,SFWBC Newsletter,Southeastern Free Will Baptist College,1984-11,two-page;newsletter,"""Should I Support Southeastern Free Will Baptist College?""; Conference on Evangelism and Soul Winning; Board Members; New Programs; Tip-Off Tournament","36.8516° N, 75.9792° W",SFWBC Archives,https://drive.google.com/file/d/1NpZ-shGz3YPnR_li69TifdsaZgHjQt8U/view?usp=sharing,"Educational use includes non-commercial use of text and images in materials for teaching and research purposes. Digital reproduction permissions granted by Southeastern Free Will Baptist College Library. For other uses beyond free use, please contact SFWBC Library at catherine.pendley@sfwbc.edu.",https://rightsstatements.org/vocab/InC-EDU/1.0/,Image,eng
update008,update_jan_1985.pdf,"Update, Vol. 1, January 1985, No. 12",application/pdf,SFWBC Newsletter,Southeastern Free Will Baptist College,1985-01,two-page;newsletter,"Conference on Evangelism and Soul Winning; ""Where Our Students Serve""; Enrollment; Get Acquainted Days; Dean's List","36.8516° N, 75.9792° W",SFWBC Archives,https://drive.google.com/file/d/1WJghyaLlTlv-ZIp5O4FVv7QBqMouUlkp/view?usp=sharing,"Educational use includes non-commercial use of text and images in materials for teaching and research purposes. Digital reproduction permissions granted by Southeastern Free Will Baptist College Library. For other uses beyond free use, please contact SFWBC Library at catherine.pendley@sfwbc.edu.",https://rightsstatements.org/vocab/InC-EDU/1.0/,Image,eng
update009,update_mar_1985.pdf,"Update, Vol. 1, March 1985, No. 13",application/pdf,SFWBC Newsletter,Southeastern Free Will Baptist College,1985-03,two-page;newsletter,Timothy Program; Commencement; Dean's List; Cooperating Board; Summer School,"36.8516° N, 75.9792° W",SFWBC Archives,https://drive.google.com/file/d/1bhJDwyxC69pibGTroRq4ZonvXwrEmGhB/view?usp=sharing,"Educational use includes non-commercial use of text and images in materials for teaching and research purposes. Digital reproduction permissions granted by Southeastern Free Will Baptist College Library. For other uses beyond free use, please contact SFWBC Library at catherine.pendley@sfwbc.edu.",https://rightsstatements.org/vocab/InC-EDU/1.0/,Image,eng
standard001,standard_may_1985.pdf,"Standard, Vol. 1, May 1985, No. 1",application/pdf,SFWBC Newsletter,Southeastern Free Will Baptist College,1985-05,two-page;newsletter,"""The Southeastern Standard""; New President; Faculty; Get Aquainted Days; Graduation; Conference Reflections","36.8516° N, 75.9792° W",SFWBC Archives,https://drive.google.com/file/d/1gcwC7xCLzL8LvFZ51dmkQvWThc2gswkn/view?usp=sharing,"Educational use includes non-commercial use of text and images in materials for teaching and research purposes. Digital reproduction permissions granted by Southeastern Free Will Baptist College Library. For other uses beyond free use, please contact SFWBC Library at catherine.pendley@sfwbc.edu.",https://rightsstatements.org/vocab/InC-EDU/1.0/,Image,eng
standard002,standard_july_1985.pdf,"Standard, Vol. 1, July 1985, No. 2",application/pdf,SFWBC Newsletter,Southeastern Free Will Baptist College,1985-07,two-page;newsletter,"President's Letter; ""Training for Battle""; News; Dean's List","36.8516° N, 75.9792° W",SFWBC Archives,https://drive.google.com/file/d/1gcwC7xCLzL8LvFZ51dmkQvWThc2gswkn/view?usp=sharing,"Educational use includes non-commercial use of text and images in materials for teaching and research purposes. Digital reproduction permissions granted by Southeastern Free Will Baptist College Library. For other uses beyond free use, please contact SFWBC Library at catherine.pendley@sfwbc.edu.",https://rightsstatements.org/vocab/InC-EDU/1.0/,Image,eng
standard003,standard_sept_1985.pdf,"Standard, Vol. 1, September 1985, No. 3",application/pdf,SFWBC Newsletter,Southeastern Free Will Baptist College,1985-09,two-page;newsletter,"""From the President""; Special Events; ""Equipping for Service""; Banquet; Honorary Doctorates","36.8516° N, 75.9792° W",SFWBC Archives,https://drive.google.com/file/d/1srhB4ji5yihUkNiLh0kjlj6FbkBDo_GW/view?usp=sharing,"Educational use includes non-commercial use of text and images in materials for teaching and research purposes. Digital reproduction permissions granted by Southeastern Free Will Baptist College Library. For other uses beyond free use, please contact SFWBC Library at catherine.pendley@sfwbc.edu.",https://rightsstatements.org/vocab/InC-EDU/1.0/,Image,eng
standard004,standard_nov_1985.pdf,"Standard, Vol. 1, November 1985, No. 4",application/pdf,SFWBC Newsletter,Southeastern Free Will Baptist College,1985-11,two-page;newsletter,"""The President's Message""; ""Exhibiting His Holiness""; Get Acquainted Days; Calendar","36.8516° N, 75.9792° W",SFWBC Archives,https://drive.google.com/file/d/1eCavG4P1bpPLgon6sOTOoSdpaKEIwkny/view?usp=sharing,"Educational use includes non-commercial use of text and images in materials for teaching and research purposes. Digital reproduction permissions granted by Southeastern Free Will Baptist College Library. For other uses beyond free use, please contact SFWBC Library at catherine.pendley@sfwbc.edu.",https://rightsstatements.org/vocab/InC-EDU/1.0/,Image,eng
standard005,standard_jan_1986.pdf,"Standard, Vol. 1, January 1986, No. 5",application/pdf,SFWBC Newsletter,Southeastern Free Will Baptist College,1986-01,two-page;newsletter,"""The President's Message""; Evangelism Conference; Tip-Off Tournament; Honor Roll; Get Acquainted Days; Enrollment","36.8516° N, 75.9792° W",SFWBC Archives,https://drive.google.com/file/d/1Qj6rni5tmdhM469ZqIclWZ7UCpvurLRq/view?usp=sharing,"Educational use includes non-commercial use of text and images in materials for teaching and research purposes. Digital reproduction permissions granted by Southeastern Free Will Baptist College Library. For other uses beyond free use, please contact SFWBC Library at catherine.pendley@sfwbc.edu.",https://rightsstatements.org/vocab/InC-EDU/1.0/,Image,eng
standard006,standard_mar_1986.pdf,"Standard, Vol. 1, March 1986, No. 6",application/pdf,SFWBC Newsletter,Southeastern Free Will Baptist College,1986-03,two-page;newsletter,"""You Can Attend Southeastern""; Summer School; Get Acquainted Days; Upcoming Events; Choir Tour; Summer Internship","36.8516° N, 75.9792° W",SFWBC Archives,https://drive.google.com/file/d/18csJDXk9jb9QK4DNjOG1964tA--0tlg4/view?usp=sharing,"Educational use includes non-commercial use of text and images in materials for teaching and research purposes. Digital reproduction permissions granted by Southeastern Free Will Baptist College Library. For other uses beyond free use, please contact SFWBC Library at catherine.pendley@sfwbc.edu.",https://rightsstatements.org/vocab/InC-EDU/1.0/,Image,eng
standard007,standard_may_1986.pdf,"Standard, Vol. 1, May 1986, No. 7",application/pdf,SFWBC Newsletter,Southeastern Free Will Baptist College,1986-05,two-page;newsletter,Graduation; Get Acquainted Days; Summer Groups; Student Loans; Southeastern Banquet; Evangelism Conference; Interns; The Jerry Johnston Crusade,"36.8516° N, 75.9792° W",SFWBC Archives,https://drive.google.com/file/d/1OdnCD-m50ELDOVV3k-mQCC9_3hFyYNm_/view?usp=sharing,"Educational use includes non-commercial use of text and images in materials for teaching and research purposes. Digital reproduction permissions granted by Southeastern Free Will Baptist College Library. For other uses beyond free use, please contact SFWBC Library at catherine.pendley@sfwbc.edu.",https://rightsstatements.org/vocab/InC-EDU/1.0/,Image,eng
standard008,standard_july_1986.pdf,"Standard, Vol. 1, July 1986, No. 8",application/pdf,SFWBC Newsletter,Southeastern Free Will Baptist College,1986-07,two-page;newsletter,"""There Is a Difference at Southeastern""; Who Should Attend Southeastern; Dean's List; Upcoming Events","36.8516° N, 75.9792° W",SFWBC Archives,https://drive.google.com/file/d/13sunbP3XvnaAs_pKr1NzFQYdWjHIoiYp/view?usp=sharing,"Educational use includes non-commercial use of text and images in materials for teaching and research purposes. Digital reproduction permissions granted by Southeastern Free Will Baptist College Library. For other uses beyond free use, please contact SFWBC Library at catherine.pendley@sfwbc.edu.",https://rightsstatements.org/vocab/InC-EDU/1.0/,Image,eng
standard009,standard_sept_1986.pdf,"Standard, Vol. 1, September 1986, No. 9",application/pdf,SFWBC Newsletter,Southeastern Free Will Baptist College,1986-09,two-page;newsletter,"Enrollment; Friends of Southeastern Dinner; Get Acquainted Days; Missions Conference; Southeastern Land Acquisition; Summer Groups; ""Could You Help?""","36.8516° N, 75.9792° W",SFWBC Archives,https://drive.google.com/file/d/1_yf2YTp7tbv-oePmWiXDqgseL3U4_Int/view?usp=sharing,"Educational use includes non-commercial use of text and images in materials for teaching and research purposes. Digital reproduction permissions granted by Southeastern Free Will Baptist College Library. For other uses beyond free use, please contact SFWBC Library at catherine.pendley@sfwbc.edu.",https://rightsstatements.org/vocab/InC-EDU/1.0/,Image,eng
standard010,standard_nov_1986.pdf,"Standard, Vol. 1, November 1986, No. 10",application/pdf,SFWBC Newsletter,Southeastern Free Will Baptist College,1986-11,two-page;newsletter,"""Catch the Spirit""; Missions Conference; Conference on Evangelism and Soul Winning; Upcoming Events; Updates; Testimonies","36.8516° N, 75.9792° W",SFWBC Archives,https://drive.google.com/file/d/1gAbECF2mt-clUmAuUqxCePBwCx85y2mH/view?usp=sharing,"Educational use includes non-commercial use of text and images in materials for teaching and research purposes. Digital reproduction permissions granted by Southeastern Free Will Baptist College Library. For other uses beyond free use, please contact SFWBC Library at catherine.pendley@sfwbc.edu.",https://rightsstatements.org/vocab/InC-EDU/1.0/,Image,eng
standard011,standard_jan_1987.pdf,"Standard, Vol. 2, January 1987, No. 1",application/pdf,SFWBC Newsletter,Southeastern Free Will Baptist College,1987-01,four-page; newsletter,"""Basic Necessities Only or Enlightening Students & Building Buildings, Too!""; ""Fifth Annual Conference on Evangelism and Soul Winning""; Timothy Program; Dean's List; Tip-Off Tournament; Get Acquainted Days; College Updates; Enrollment","36.8516° N, 75.9792° W",SFWBC Archives,https://drive.google.com/file/d/1G593lf3e4FsTvDCtLOt7QOhLeqVthAbr/view?usp=sharing,"Educational use includes non-commercial use of text and images in materials for teaching and research purposes. Digital reproduction permissions granted by Southeastern Free Will Baptist College Library. For other uses beyond free use, please contact SFWBC Library at catherine.pendley@sfwbc.edu.",https://rightsstatements.org/vocab/InC-EDU/1.0/,Image,eng
standard012,standard_mar_1987.pdf,"Standard, Vol. 2, March 1987, No. 2",application/pdf,SFWBC Newsletter,Southeastern Free Will Baptist College,1987-03,four-page; newsletter,"""The Heart of the Matter""; Choir Tour; Campus Relocation; Music Group Schedule; ""Tools and Training""; Graduation; Summer School; College Updates; Upcoming Events; Enrollment","36.8516° N, 75.9792° W",SFWBC Archives,https://drive.google.com/file/d/1Om9CpbUN2Rm2adhKCiHPf_WRgmLxthUa/view?usp=sharing,"Educational use includes non-commercial use of text and images in materials for teaching and research purposes. Digital reproduction permissions granted by Southeastern Free Will Baptist College Library. For other uses beyond free use, please contact SFWBC Library at catherine.pendley@sfwbc.edu.",https://rightsstatements.org/vocab/InC-EDU/1.0/,Image,eng
standard013,standard_may_1987.pdf,"Standard, Vol. 2, May 1987, No. 3",application/pdf,SFWBC Newsletter,Southeastern Free Will Baptist College,1987-05,four-page; newsletter,"""Southeastern Purchases 60.86 Acres""; ""Dr. Michael Paramore Joins Faculty of Southeastern""; ""Fall Semester to Begin in September""; Graduation; Teacher Education Department; Honor Roll; Summer Groups; Southeastern Banquet; Evangelism Conference; Upcoming Events; New Address","36.8516° N, 75.9792° W",SFWBC Archives,https://drive.google.com/file/d/1HYbtzSiYXYzPRXZMUYdXzSIJTEXh9eDp/view?usp=sharing,"Educational use includes non-commercial use of text and images in materials for teaching and research purposes. Digital reproduction permissions granted by Southeastern Free Will Baptist College Library. For other uses beyond free use, please contact SFWBC Library at catherine.pendley@sfwbc.edu.",https://rightsstatements.org/vocab/InC-EDU/1.0/,Image,eng
standard014,standard_july_1987.pdf,"Standard, Vol. 2, July 1987, No. 4",application/pdf,SFWBC Newsletter,Southeastern Free Will Baptist College,1987-07,two-page;newsletter,"""A Complete Update on the Building of the Exciting Southeastern Free Will Baptist College Campus""; Relocation Information; Campus Opening Information; New Address","36.8516° N, 75.9792° W",SFWBC Archives,https://drive.google.com/file/d/1-YMhGTjhXy5nv9CbDpqvPIbll1i9mCgC/view?usp=sharing,"Educational use includes non-commercial use of text and images in materials for teaching and research purposes. Digital reproduction permissions granted by Southeastern Free Will Baptist College Library. For other uses beyond free use, please contact SFWBC Library at catherine.pendley@sfwbc.edu.",https://rightsstatements.org/vocab/InC-EDU/1.0/,Image,eng
standard015,standard_sept_1987.pdf,"Standard, Vol. 2, September 1987, No. 5",application/pdf,SFWBC Newsletter,Southeastern Free Will Baptist College,1987-10,two-page;newsletter,"""October 1 . . . A New Beginning""; Missions Conference; Dr. Joe Haas; Coming Events; Night Classes; Needs; Get Acquainted Days; Enrollment; National Banquet; Summer Groups","35º 47' 59.4126'' N, 78º 24' 59.8032'' W",SFWBC Archives,https://drive.google.com/file/d/1qjfaiyW6S9mnbj6L-DiTldWxcd0VuMwl/view?usp=sharing,"Educational use includes non-commercial use of text and images in materials for teaching and research purposes. Digital reproduction permissions granted by Southeastern Free Will Baptist College Library. For other uses beyond free use, please contact SFWBC Library at catherine.pendley@sfwbc.edu.",https://rightsstatements.org/vocab/InC-EDU/1.0/,Image,eng
standard016,standard_dec_1987.pdf,"Standard, Vol. 2, December 1987, No. 6",application/pdf,SFWBC Newsletter,Southeastern Free Will Baptist College,1987-12,four-page; newsletter,"""First Phase of Southeastern Campus Completed""; Enrollment; Cramerton Gift; Missionary Conference; Staff; Get Acquainted Days; Tip-Off Tournament; Bond Sale; ""If You Wait 'til September, You'll Never Go . . .""; Testimonies; ""Why Teach Doctrine?""","35º 47' 59.4126'' N, 78º 24' 59.8032'' W",SFWBC Archives,https://drive.google.com/file/d/1WzGlkCqotRwqO7b0hCt8NntjlpWTE6o3/view?usp=sharing,"Educational use includes non-commercial use of text and images in materials for teaching and research purposes. Digital reproduction permissions granted by Southeastern Free Will Baptist College Library. For other uses beyond free use, please contact SFWBC Library at catherine.pendley@sfwbc.edu.",https://rightsstatements.org/vocab/InC-EDU/1.0/,Image,eng
standard017,standard_jan_1988.pdf,"Standard, Vol. 3, January 1988, No. 1",application/pdf,SFWBC Newsletter,Southeastern Free Will Baptist College,1988-01,four-page; newsletter,"""Evangelism Conferenct to Be Great""; ""Happy Birthday, Dr. Ange""; Christian Service; ""Principle and Practice in Pastoral Training""; Second Mile Campaign; Staff; Enrollment; ""Clean-Up"" Project; Needs; Bonds; Testimony; Library Book Campaign; News","35º 47' 59.4126'' N, 78º 24' 59.8032'' W",SFWBC Archives,https://drive.google.com/file/d/1VYuQkAeh6fC9IERRJDHmhcCn-je0nKPm/view?usp=sharing,"Educational use includes non-commercial use of text and images in materials for teaching and research purposes. Digital reproduction permissions granted by Southeastern Free Will Baptist College Library. For other uses beyond free use, please contact SFWBC Library at catherine.pendley@sfwbc.edu.",https://rightsstatements.org/vocab/InC-EDU/1.0/,Image,eng
standard018,standard_mar_1988.pdf,"Standard, Vol. 3, March 1988, No. 2",application/pdf,SFWBC Newsletter,Southeastern Free Will Baptist College,1988-03,four-page; newsletter,"""In Retrospect . . .""; Prospective Students; Bonds; Needs; Donations; Graduation; Senior Gift; Testimony; Second Mile; Timothy Program; Honor Roll","35º 47' 59.4126'' N, 78º 24' 59.8032'' W",SFWBC Archives,https://drive.google.com/file/d/1qsMfeSwejTw-XYkRjJIAeUbmhGWrZkPn/view?usp=sharing,"Educational use includes non-commercial use of text and images in materials for teaching and research purposes. Digital reproduction permissions granted by Southeastern Free Will Baptist College Library. For other uses beyond free use, please contact SFWBC Library at catherine.pendley@sfwbc.edu.",https://rightsstatements.org/vocab/InC-EDU/1.0/,Image,eng
standard019,standard_may_1988.pdf,"Standard, Vol. 3, May 1988, Vol. 3",application/pdf,SFWBC Newsletter,Southeastern Free Will Baptist College,1988-05,four-page; newsletter,"""Our Promotional Men Need Your Help""; Friends of the Library Project; Get Acquainted Days; Needs; Conference News; Miracle Day; Timothy Program; Summer Groups","35º 47' 59.4126'' N, 78º 24' 59.8032'' W",SFWBC Archives,https://drive.google.com/file/d/1nkwkGChIixWNp28svrai5B-m7Hgj8bHT/view?usp=sharing,"Educational use includes non-commercial use of text and images in materials for teaching and research purposes. Digital reproduction permissions granted by Southeastern Free Will Baptist College Library. For other uses beyond free use, please contact SFWBC Library at catherine.pendley@sfwbc.edu.",https://rightsstatements.org/vocab/InC-EDU/1.0/,Image,eng
standard020,standard_july_1988.pdf,"Standard, Vol. 3, July 1988, No. 4",application/pdf,SFWBC Newsletter,Southeastern Free Will Baptist College,1988-07,four-page; newsletter,Graduation; New Programs; Second Mile; National Association Supper; Opening of School; Board Meeting; Staff; Summer Fundraiser; Campus Projects; Honor Roll; Needs; Upcoming Events,"35º 47' 59.4126'' N, 78º 24' 59.8032'' W",SFWBC Archives,https://drive.google.com/file/d/1Gzo2C_4oxW7_hdMvbve9EkeL_trcqk0F/view?usp=sharing,"Educational use includes non-commercial use of text and images in materials for teaching and research purposes. Digital reproduction permissions granted by Southeastern Free Will Baptist College Library. For other uses beyond free use, please contact SFWBC Library at catherine.pendley@sfwbc.edu.",https://rightsstatements.org/vocab/InC-EDU/1.0/,Image,eng
standard021,standard_sept_1988.pdf,"Standard, Vol. 3, September 1988, No. 5",application/pdf,SFWBC Newsletter,Southeastern Free Will Baptist College,1988-09,four-page; newsletter,Enrollment; Campus Revival; Missions Conference; Get Acquainted Days; Administrative Building; Tip-Off Tournament; Business Department; Staff; Campus Beautification; Summer Groups; Donations; Ball Field Progress,"35º 47' 59.4126'' N, 78º 24' 59.8032'' W",SFWBC Archives,https://drive.google.com/file/d/1aL4kgT2mjCoXaVyX09rBx57syWRDiSOy/view?usp=sharing,"Educational use includes non-commercial use of text and images in materials for teaching and research purposes. Digital reproduction permissions granted by Southeastern Free Will Baptist College Library. For other uses beyond free use, please contact SFWBC Library at catherine.pendley@sfwbc.edu.",https://rightsstatements.org/vocab/InC-EDU/1.0/,Image,eng
standard022,standard_nov_1988.pdf,"Standard, Vol. 3, November 1988, No. 6",application/pdf,SFWBC Newsletter,Southeastern Free Will Baptist College,1988-11,four-page; newsletter,"""Why Southeastern Free Will Baptist College?""; Chapel Pulpit; Patti Lee House; Department of Christian Service; Choir Recording Release; Enrollment; Mid-Atlantic Youth Conference; Upcoming Events; Night Classes; Board Meeting; Donations","35º 47' 59.4126'' N, 78º 24' 59.8032'' W",SFWBC Archives,https://drive.google.com/file/d/12Z966dxvpamWnlB20oOsNpc5scqkPQD_/view?usp=sharing,"Educational use includes non-commercial use of text and images in materials for teaching and research purposes. Digital reproduction permissions granted by Southeastern Free Will Baptist College Library. For other uses beyond free use, please contact SFWBC Library at catherine.pendley@sfwbc.edu.",https://rightsstatements.org/vocab/InC-EDU/1.0/,Image,eng
standard023,standard_jan_1989.pdf,"Standard, Vol. 4, January 1989, No. 1",application/pdf,SFWBC Newsletter,Southeastern Free Will Baptist College,1989-01,four-page; newsletter,"""Outstanding Spring Conference to Attract Many""; Needs; Cooperating Board; Christmas Challenge; Interterm; Tip-Off Tournament; Honor Roll; Updates; Donations; Enrollment; College Groups","35º 47' 59.4126'' N, 78º 24' 59.8032'' W",SFWBC Archives,https://drive.google.com/file/d/1LKipndwzb-05oap83JPtiBop37yB-jmD/view?usp=sharing,"Educational use includes non-commercial use of text and images in materials for teaching and research purposes. Digital reproduction permissions granted by Southeastern Free Will Baptist College Library. For other uses beyond free use, please contact SFWBC Library at catherine.pendley@sfwbc.edu.",https://rightsstatements.org/vocab/InC-EDU/1.0/,Image,eng
standard024,standard_may_1989.pdf,"Standard, Vol. 4, May 1989, No. 2",application/pdf,SFWBC Newsletter,Southeastern Free Will Baptist College,1989-05,four-page; newsletter,"""Dr. Ange Resigns Presidency of Southeastern Free Will Baptist College""; Office of Development; Updates; Search Committee; Needs; Dean's List; New Scholarships; Staff; Conference on Revival and Soul Winning; Music Recording; Get Acquainted Days; College Quartet; Department of Christian Service","35º 47' 59.4126'' N, 78º 24' 59.8032'' W",SFWBC Archives,https://drive.google.com/file/d/1Ryit9IDFpOI3F6ehJA_0pS--716G7Ufe/view?usp=sharing,"Educational use includes non-commercial use of text and images in materials for teaching and research purposes. Digital reproduction permissions granted by Southeastern Free Will Baptist College Library. For other uses beyond free use, please contact SFWBC Library at catherine.pendley@sfwbc.edu.",https://rightsstatements.org/vocab/InC-EDU/1.0/,Image,eng
standard025,standard_july_1989.pdf,"Standard, Vol. 4, July 1989, No. 3",application/pdf,SFWBC Newsletter,Southeastern Free Will Baptist College,1989-07,four-page; newsletter,"""Reflections Concerning Southeastern free Will Baptist College""; Graduation; Music Education Program; Enrollment; Bob King Heart Fund; Honoring Leaders; Staff; Second Mile Churches; Coming Events","35º 47' 59.4126'' N, 78º 24' 59.8032'' W",SFWBC Archives,https://drive.google.com/file/d/1FdFGy56MAKGLv09V69p02OLxk_YzEJ3n/view?usp=sharing,"Educational use includes non-commercial use of text and images in materials for teaching and research purposes. Digital reproduction permissions granted by Southeastern Free Will Baptist College Library. For other uses beyond free use, please contact SFWBC Library at catherine.pendley@sfwbc.edu.",https://rightsstatements.org/vocab/InC-EDU/1.0/,Image,eng
standard026,standard_sept_1989.pdf,"Standard, Vol. 4, September 1989, No. 4",application/pdf,SFWBC Newsletter,Southeastern Free Will Baptist College,1989-09,four-page; newsletter,"""A Statement of Direction and Purpose""; Missions Conference; Student Body Project; Student Leadership Conference; Get Aquainted Days; Enrollment; ""Giving His Best to the Master""; Revival and Soul Winning Conference; Wish List; Staff Retreat","35º 47' 59.4126'' N, 78º 24' 59.8032'' W",SFWBC Archives,https://drive.google.com/file/d/10zR_raoh2htkvDLumC2heiWo8buDxpi8/view?usp=sharing,"Educational use includes non-commercial use of text and images in materials for teaching and research purposes. Digital reproduction permissions granted by Southeastern Free Will Baptist College Library. For other uses beyond free use, please contact SFWBC Library at catherine.pendley@sfwbc.edu.",https://rightsstatements.org/vocab/InC-EDU/1.0/,Image,eng
standard027,standard_nov_1989.pdf,"Standard, Vol. 4, November 1989, No. 5",application/pdf,SFWBC Newsletter,Southeastern Free Will Baptist College,1989-11,four-page; newsletter,"""From the 'Other' Side of the Bed""; Staff; Honors; ""Now Is the Time""; Donations; Upcoming Events; Tip Off Tournament; Exhibition Team; Enrollment","35º 47' 59.4126'' N, 78º 24' 59.8032'' W",SFWBC Archives,https://drive.google.com/file/d/1f54w3I5jJL2la1FJ1fZ0uxEry9WaObQh/view?usp=sharing,"Educational use includes non-commercial use of text and images in materials for teaching and research purposes. Digital reproduction permissions granted by Southeastern Free Will Baptist College Library. For other uses beyond free use, please contact SFWBC Library at catherine.pendley@sfwbc.edu.",https://rightsstatements.org/vocab/InC-EDU/1.0/,Image,eng
standard028,standard_jan_1990.pdf,"Standard, Vol. 5, January 1990, No. 1",application/pdf,SFWBC Newsletter,Southeastern Free Will Baptist College,1990-01,four-page; newsletter,"""Annual Spring Conference Announced""; Tip-Off Tournament; Honor Roll; ""Update on Mischa""; Get Acquainted Days; Donations; Campus Life; Bob King Video; Upcoming Events; Craft Festival; Needs","35º 47' 59.4126'' N, 78º 24' 59.8032'' W",SFWBC Archives,https://drive.google.com/file/d/1LxrFaaz4Fl8FBhFMc9-bibRliR5XEgXK/view?usp=sharing,"Educational use includes non-commercial use of text and images in materials for teaching and research purposes. Digital reproduction permissions granted by Southeastern Free Will Baptist College Library. For other uses beyond free use, please contact SFWBC Library at catherine.pendley@sfwbc.edu.",https://rightsstatements.org/vocab/InC-EDU/1.0/,Image,eng
standard029,standard_mar_1990.pdf,"Standard, Vol. 5, No. 2",application/pdf,SFWBC Newsletter,Southeastern Free Will Baptist College,1990-03,four-page; newsletter,"""How May We Serve You Better?""; Super Weekend; Around Campus; Needs; ""I Need Your Help and I Need It--Now!""","35º 47' 59.4126'' N, 78º 24' 59.8032'' W",SFWBC Archives,https://drive.google.com/file/d/1ZTv_fiBxC-So6phGV72Jido9OYTd06T3/view?usp=sharing,"Educational use includes non-commercial use of text and images in materials for teaching and research purposes. Digital reproduction permissions granted by Southeastern Free Will Baptist College Library. For other uses beyond free use, please contact SFWBC Library at catherine.pendley@sfwbc.edu.",https://rightsstatements.org/vocab/InC-EDU/1.0/,Image,eng
standard030,standard_may_1990.pdf,"Standard, Vol. 5, No. 3",application/pdf,SFWBC Newsletter,Southeastern Free Will Baptist College,1990-05,four-page; newsletter,"""What a Year! This Year and Next!""; Get Acquainted Days; ""Amy Carmichael Society Presents Gift""; Graduate Testimonies; Summer Missions Work; Donations; ""Looking to the Future . . .""; ""Author to Speak at Graduation""; ""Does God Ever Need Anything?""; Board Members","35º 47' 59.4126'' N, 78º 24' 59.8032'' W",SFWBC Archives,https://drive.google.com/file/d/1lGtc3G79gruhisnl1k-cXWudCGRosFVY/view?usp=sharing,"Educational use includes non-commercial use of text and images in materials for teaching and research purposes. Digital reproduction permissions granted by Southeastern Free Will Baptist College Library. For other uses beyond free use, please contact SFWBC Library at catherine.pendley@sfwbc.edu.",https://rightsstatements.org/vocab/InC-EDU/1.0/,Image,eng
standard031,standard_july_1990.pdf,"Standard, Vol. 5, July 1990, No. 4",application/pdf,SFWBC Newsletter,Southeastern Free Will Baptist College,1990-07,four-page; newsletter,"""It's Not Too Late to Enroll: Students Are Top Priority""; Christian School Blitz; Extension Studies; ""We ARE Serving 'You' Better""; Upcoming Events; Graduation; Service 1990 Report; Honor Roll; ""Where Do You Send Your Students and Support?""; Minister's Retreat","35º 47' 59.4126'' N, 78º 24' 59.8032'' W",SFWBC Archives,https://drive.google.com/file/d/1Fvbh6jYRHMfnPteXtrzspmdrO9N3dQzO/view?usp=sharing,"Educational use includes non-commercial use of text and images in materials for teaching and research purposes. Digital reproduction permissions granted by Southeastern Free Will Baptist College Library. For other uses beyond free use, please contact SFWBC Library at catherine.pendley@sfwbc.edu.",https://rightsstatements.org/vocab/InC-EDU/1.0/,Image,eng
standard032,standard_sept_1990.pdf,"Standard, Vol. 5, September 1990, No. 5",application/pdf,SFWBC Newsletter,Southeastern Free Will Baptist College,1990-09,four-page; newsletter,"""Ecclesiastical Separation""; Enrollment; Testimonies; Staff; Missions Retreat; Missions Conference; Upcoming Events; External Study; Highlights; ""Give a Gift That Keeps on Giving!!!""","35º 47' 59.4126'' N, 78º 24' 59.8032'' W",SFWBC Archives,https://drive.google.com/file/d/1rfoiOYnk5Aa92uR_JYzH2GNKtD0eslGV/view?usp=sharing,"Educational use includes non-commercial use of text and images in materials for teaching and research purposes. Digital reproduction permissions granted by Southeastern Free Will Baptist College Library. For other uses beyond free use, please contact SFWBC Library at catherine.pendley@sfwbc.edu.",https://rightsstatements.org/vocab/InC-EDU/1.0/,Image,eng
standard033,standard_nov_1990.pdf,"Standard, Vol. 5, November 1990, No. 6",application/pdf,SFWBC Newsletter,Southeastern Free Will Baptist College,1990-11,four-page; newsletter,"""A Whack Alongside the Head!""; Christian Service; Donations; Tip-Off Tournament; Missions Retreat; Enrollment; Get Aquainted Days; ""Is God Really Working?""","35º 47' 59.4126'' N, 78º 24' 59.8032'' W",SFWBC Archives,https://drive.google.com/file/d/1CClLE_enG_04_AwfLAi87bTy2pVe0nbS/view?usp=sharing,"Educational use includes non-commercial use of text and images in materials for teaching and research purposes. Digital reproduction permissions granted by Southeastern Free Will Baptist College Library. For other uses beyond free use, please contact SFWBC Library at catherine.pendley@sfwbc.edu.",https://rightsstatements.org/vocab/InC-EDU/1.0/,Image,eng
standard034,standard_jan_1991.pdf,"Standard, Vol. 6, January 1991, No. 1",application/pdf,SFWBC Newsletter,Southeastern Free Will Baptist College,1991-01,four-page; newsletter,"""Spring Revival and Soul Winning Conference: Plan to Attend""; Who's Who; Cheerleading Contest; Honor Roll; Pastor's Retreat; Get Acquainted Days; College Choir; ""Mischa Bevan with the Lord!""; Christmas Thanks","35º 47' 59.4126'' N, 78º 24' 59.8032'' W",SFWBC Archives,https://drive.google.com/file/d/1HjDmbAhYcPXNzyxsipxdMsimqpjOeRbQ/view?usp=sharing,"Educational use includes non-commercial use of text and images in materials for teaching and research purposes. Digital reproduction permissions granted by Southeastern Free Will Baptist College Library. For other uses beyond free use, please contact SFWBC Library at catherine.pendley@sfwbc.edu.",https://rightsstatements.org/vocab/InC-EDU/1.0/,Image,eng
standard035,standard_apr_1991.pdf,"Standard, Vol. 5, April 1991, No. 3",application/pdf,SFWBC Newsletter,Southeastern Free Will Baptist College,1991-04,four-page; newsletter,"""Southeastern Can Do!""; Run for Fun; Get Acquainted Days; Graduation Speaker; Conditional Security; Testimonies; Tip-Off Tournament; Donations; Loan Fund; School of Business","35º 47' 59.4126'' N, 78º 24' 59.8032'' W",SFWBC Archives,https://drive.google.com/file/d/1CMnkum3_eQDufU_4T--0s8ek7UCfcDnY/view?usp=sharing,"Educational use includes non-commercial use of text and images in materials for teaching and research purposes. Digital reproduction permissions granted by Southeastern Free Will Baptist College Library. For other uses beyond free use, please contact SFWBC Library at catherine.pendley@sfwbc.edu.",https://rightsstatements.org/vocab/InC-EDU/1.0/,Image,eng
standard036,standard_june_1991.pdf,"Standard, Vol. 5, June 1991, No. 4",application/pdf,SFWBC Newsletter,Southeastern Free Will Baptist College,1991-06,four-page; newsletter,"""Southeastern Wants You!""; Donations; Evangelism Conference; Missions; Choir Tour; Get Acquainted Days; Music Recordings; Fun Run; Honors; Graduation; Upcoming Events","35º 47' 59.4126'' N, 78º 24' 59.8032'' W",SFWBC Archives,https://drive.google.com/file/d/1uQ1e7Jf6XPwddeKUjiNfoWc_69LM_etf/view?usp=sharing,"Educational use includes non-commercial use of text and images in materials for teaching and research purposes. Digital reproduction permissions granted by Southeastern Free Will Baptist College Library. For other uses beyond free use, please contact SFWBC Library at catherine.pendley@sfwbc.edu.",https://rightsstatements.org/vocab/InC-EDU/1.0/,Image,eng
standard037,standard_july_1991.pdf,"Standard, Vol. 5, July 1991, No. 5, Special Edition",application/pdf,SFWBC Newsletter,Southeastern Free Will Baptist College,1991-07,four-page; newsletter,"""Harvest Home""; ""Thank You! Lorenza Stox""; Staff; Pastor's Retreat; Stay in Touch","35º 47' 59.4126'' N, 78º 24' 59.8032'' W",SFWBC Archives,https://drive.google.com/file/d/1i3DoJ2SsvzPhaArWDIzwp6eNZTphHql5/view?usp=sharing,"Educational use includes non-commercial use of text and images in materials for teaching and research purposes. Digital reproduction permissions granted by Southeastern Free Will Baptist College Library. For other uses beyond free use, please contact SFWBC Library at catherine.pendley@sfwbc.edu.",https://rightsstatements.org/vocab/InC-EDU/1.0/,Image,eng
standard038,standard_sept_1991.pdf,"Standard, Vol. 5, September 1991, No. 3",application/pdf,SFWBC Newsletter,Southeastern Free Will Baptist College,1991-09,four-page; newsletter,Missions Conference; Missions Retreat; Enrollment; Get Acquainted Days; Upcoming Events; Honor Roll; Tip-Off Tournament; Minister's Retreat; Needs; Special Thanks; Testimonies,"35º 47' 59.4126'' N, 78º 24' 59.8032'' W",SFWBC Archives,https://drive.google.com/file/d/1TlQRzNGbqVjTdeUkwtuOkUCKreAQP_r8/view?usp=sharing,"Educational use includes non-commercial use of text and images in materials for teaching and research purposes. Digital reproduction permissions granted by Southeastern Free Will Baptist College Library. For other uses beyond free use, please contact SFWBC Library at catherine.pendley@sfwbc.edu.",https://rightsstatements.org/vocab/InC-EDU/1.0/,Image,eng
standard039,standard_nov_1991.pdf,"Standard, Vol. 5, November 1991, No. 6",application/pdf,SFWBC Newsletter,Southeastern Free Will Baptist College,1991-11,four-page; newsletter,Minister's Retreat; Missions Retreat; Get Acquainted Days; Thanksgiving; Music Recordings,"35º 47' 59.4126'' N, 78º 24' 59.8032'' W",SFWBC Archives,https://drive.google.com/file/d/1JEEBV_mCa3qXX7sfyniwJL2KVLFfwyUO/view?usp=sharing,"Educational use includes non-commercial use of text and images in materials for teaching and research purposes. Digital reproduction permissions granted by Southeastern Free Will Baptist College Library. For other uses beyond free use, please contact SFWBC Library at catherine.pendley@sfwbc.edu.",https://rightsstatements.org/vocab/InC-EDU/1.0/,Image,eng
standard040,standard_jan_1992.pdf,"Standard, Vol. 6, January 1992, No. 1",application/pdf,SFWBC Newsletter,Southeastern Free Will Baptist College,1992-01,four-page; newsletter,"""Come to Camp Meetin'""; Who's Who; Alumni; Tip-Off Tournament; Cheerleading Competition; Music Recordings; Mischa Bevan Memorial Loan Fund","35º 47' 59.4126'' N, 78º 24' 59.8032'' W",SFWBC Archives,https://drive.google.com/file/d/1j_QDGtNU5SScJZASkRfovGzi0UvimSGH/view?usp=sharing,"Educational use includes non-commercial use of text and images in materials for teaching and research purposes. Digital reproduction permissions granted by Southeastern Free Will Baptist College Library. For other uses beyond free use, please contact SFWBC Library at catherine.pendley@sfwbc.edu.",https://rightsstatements.org/vocab/InC-EDU/1.0/,Image,eng
standard041,standard_mar_1992.pdf,"Standard, Vol. 6, March 1992, No. 2.pdf",application/pdf,SFWBC Newsletter,Southeastern Free Will Baptist College,1992-03,four-page; newsletter,"Graduation Speaker; ""Following the Knights""; Enrollment; Needs; Alumni; Spring Break; Choir Tour; Music Tapes; ""Southeastern Is Alive and Well""","35º 47' 59.4126'' N, 78º 24' 59.8032'' W",SFWBC Archives,https://drive.google.com/file/d/1V2qQ3ueIy38EgL-uDuM8HkWoT2759mhJ/view?usp=sharing,"Educational use includes non-commercial use of text and images in materials for teaching and research purposes. Digital reproduction permissions granted by Southeastern Free Will Baptist College Library. For other uses beyond free use, please contact SFWBC Library at catherine.pendley@sfwbc.edu.",https://rightsstatements.org/vocab/InC-EDU/1.0/,Image,eng
standard042,standard_may_1992.pdf,"Standard, Vol. 6, May 1992, No. 3",application/pdf,SFWBC Newsletter,Southeastern Free Will Baptist College,1992-05,four-page; newsletter,"""Be a Part of Our Tenth Anniversary!""; Summer Missions; Interns; Alumni Association; Alumni; Graduation; Get Acquainted Days; Revival and Soul Winning Conference","35º 47' 59.4126'' N, 78º 24' 59.8032'' W",SFWBC Archives,https://drive.google.com/file/d/1BK4fSMpXbGgAfoeSaItLHE4UIWbqfqar/view?usp=sharing,"Educational use includes non-commercial use of text and images in materials for teaching and research purposes. Digital reproduction permissions granted by Southeastern Free Will Baptist College Library. For other uses beyond free use, please contact SFWBC Library at catherine.pendley@sfwbc.edu.",https://rightsstatements.org/vocab/InC-EDU/1.0/,Image,eng
standard043,standard_july_1992.pdf,"Standard, Vol. 6, July 1992, No. 4",application/pdf,SFWBC Newsletter,Southeastern Free Will Baptist College,1992-07,four-page; newsletter,"""Calling All Students""; Special Thanks; Staff; Alumni; Upcoming Events; ""Miracle on Eagle Rock Road""","35º 47' 59.4126'' N, 78º 24' 59.8032'' W",SFWBC Archives,https://drive.google.com/file/d/1fT-RL6OaPjI_JkHf4UiEa3wt7crGVz1o/view?usp=sharing,"Educational use includes non-commercial use of text and images in materials for teaching and research purposes. Digital reproduction permissions granted by Southeastern Free Will Baptist College Library. For other uses beyond free use, please contact SFWBC Library at catherine.pendley@sfwbc.edu.",https://rightsstatements.org/vocab/InC-EDU/1.0/,Image,eng
standard044,standard_sept_1992.pdf,"Standard, Vol. 6, September 1992, No. 6",application/pdf,SFWBC Newsletter,Southeastern Free Will Baptist College,1992-09,four-page; newsletter,"""Tenth Annual Misionary Conference""; Summer Missions; Ensemble; Enrollment; Scholarships; Faculty; Special Thanks; Missions Week; Alumni; Get Acquainted Days; Testimonies; Upcoming Events","35º 47' 59.4126'' N, 78º 24' 59.8032'' W",SFWBC Archives,https://drive.google.com/file/d/1JjzLNNZ5XNZzdU9TFP-a9A_XMhWnH31g/view?usp=sharing,"Educational use includes non-commercial use of text and images in materials for teaching and research purposes. Digital reproduction permissions granted by Southeastern Free Will Baptist College Library. For other uses beyond free use, please contact SFWBC Library at catherine.pendley@sfwbc.edu.",https://rightsstatements.org/vocab/InC-EDU/1.0/,Image,eng
standard045,standard_nov_1992.pdf,"Standard, Vol. 6, November 1992, No. 6",application/pdf,SFWBC Newsletter,Southeastern Free Will Baptist College,1992-11,four-page; newsletter,"""The Sin of Ingratitude""; Special Thanks; Who's Who; Alumni; Guest Speaker; Scholarships; Testimonies; ""Students, Faculty and Staff Greet Vice-President, Dan Quayle""; Missions Retreat","35º 47' 59.4126'' N, 78º 24' 59.8032'' W",SFWBC Archives,https://drive.google.com/file/d/1n0d4xtLdN-3iddIz_2UizyUtWMc3QGWe/view?usp=sharing,"Educational use includes non-commercial use of text and images in materials for teaching and research purposes. Digital reproduction permissions granted by Southeastern Free Will Baptist College Library. For other uses beyond free use, please contact SFWBC Library at catherine.pendley@sfwbc.edu.",https://rightsstatements.org/vocab/InC-EDU/1.0/,Image,eng
standard046,standard_no1_1993.pdf,"Standard, Vol. 7, No. 1",application/pdf,SFWBC Newsletter,Southeastern Free Will Baptist College,1993,four-page; newsletter,"Spring Conference; College Day; Alumni; Get Acquainted Days; ""Introducing Matt Petit""; Honor Roll; ""Help Us Celebrate Our Tenth Anniversary""","35º 47' 59.4126'' N, 78º 24' 59.8032'' W",SFWBC Archives,https://drive.google.com/file/d/14Sz48_muCx5gmpfh8j4bWi4QhBfEdiL4/view?usp=sharing,"Educational use includes non-commercial use of text and images in materials for teaching and research purposes. Digital reproduction permissions granted by Southeastern Free Will Baptist College Library. For other uses beyond free use, please contact SFWBC Library at catherine.pendley@sfwbc.edu.",https://rightsstatements.org/vocab/InC-EDU/1.0/,Image,eng
standard047,standard_no2_1993.pdf,"Standard, Vol. 7, 1993, No. 2",application/pdf,SFWBC Newsletter,Southeastern Free Will Baptist College,1993,four-page; newsletter,"Spring Conference; Ten Year Anniversary; ""How About Using Our 'Preacher-Boys'""; Alumni; Donations; Graduation Speaker; Alumni; Testimonies; Accreditation","35º 47' 59.4126'' N, 78º 24' 59.8032'' W",SFWBC Archives,https://drive.google.com/file/d/1yE2luc_dmAgbbnhRxd9wLz1OcbG-aBMj/view?usp=sharing,"Educational use includes non-commercial use of text and images in materials for teaching and research purposes. Digital reproduction permissions granted by Southeastern Free Will Baptist College Library. For other uses beyond free use, please contact SFWBC Library at catherine.pendley@sfwbc.edu.",https://rightsstatements.org/vocab/InC-EDU/1.0/,Image,eng
standard048,standard_may_1993.pdf,"Standard, Vol. 7, May 1993, No. 3",application/pdf,SFWBC Newsletter,Southeastern Free Will Baptist College,1993-05,four-page; newsletter,One Hundred Club; Music Tapes; Revival and Soul Winning Conference; Alumni; Donations; Alumni Association; Get Acquainted Days; Most Outstanding Student; Summer Missions; Upcoming Events,"35º 47' 59.4126'' N, 78º 24' 59.8032'' W",SFWBC Archives,https://drive.google.com/file/d/1GuIru9pU0fjrX87DRulAzGjt5Ld8OJzN/view?usp=sharing,"Educational use includes non-commercial use of text and images in materials for teaching and research purposes. Digital reproduction permissions granted by Southeastern Free Will Baptist College Library. For other uses beyond free use, please contact SFWBC Library at catherine.pendley@sfwbc.edu.",https://rightsstatements.org/vocab/InC-EDU/1.0/,Image,eng
standard049,standard_july_1993.pdf,"Standard, Vol. 7, July 1993, No. 4",application/pdf,SFWBC Newsletter,Southeastern Free Will Baptist College,1993-07,four-page; newsletter,"""Still Standing""; Music Recordings; Upcoming Events; Staff; Donations; Alumni; Ensemble; Graduation","35º 47' 59.4126'' N, 78º 24' 59.8032'' W",SFWBC Archives,https://drive.google.com/file/d/1AaigMA2ieGIoeZwquKQ4Kp4vYqXTxPSO/view?usp=sharing,"Educational use includes non-commercial use of text and images in materials for teaching and research purposes. Digital reproduction permissions granted by Southeastern Free Will Baptist College Library. For other uses beyond free use, please contact SFWBC Library at catherine.pendley@sfwbc.edu.",https://rightsstatements.org/vocab/InC-EDU/1.0/,Image,eng
standard050,standard_sept_1993.pdf,"Standard, Vol. 7, September 1993, No. 5",application/pdf,SFWBC Newsletter,Southeastern Free Will Baptist College,1993-09,four-page; newsletter,Missions Conference; Music Recordings; Alumni; Special Thanks; Upcoming Events; Donations; Staff; Get Acquainted Days; Promotional Schedule; Enrollment,"35º 47' 59.4126'' N, 78º 24' 59.8032'' W",SFWBC Archives,https://drive.google.com/file/d/1-JqwZpn4ghiWsUWBqXYv5wNlNW1wlarf/view?usp=sharing,"Educational use includes non-commercial use of text and images in materials for teaching and research purposes. Digital reproduction permissions granted by Southeastern Free Will Baptist College Library. For other uses beyond free use, please contact SFWBC Library at catherine.pendley@sfwbc.edu.",https://rightsstatements.org/vocab/InC-EDU/1.0/,Image,eng
standard051,standard_jan_1994.pdf,"Standard, Vol. 8, January 1994, No. 1",application/pdf,SFWBC Newsletter,Southeastern Free Will Baptist College,1994-01,four-page; newsletter,"""Looking Up!!""; Upcoming Events; Music Program; Alumni; Get Acquainted Days; Revival and Soul Winning Conference; Who's Who; Honor Roll; Scholarships","35º 47' 59.4126'' N, 78º 24' 59.8032'' W",SFWBC Archives,https://drive.google.com/file/d/1hHwd2IqUC4DZTwwpev7oI4mdfRZKgU3a/view?usp=sharing,"Educational use includes non-commercial use of text and images in materials for teaching and research purposes. Digital reproduction permissions granted by Southeastern Free Will Baptist College Library. For other uses beyond free use, please contact SFWBC Library at catherine.pendley@sfwbc.edu.",https://rightsstatements.org/vocab/InC-EDU/1.0/,Image,eng
standard052,standard_mar_1994.pdf,"Standard, Vol. 8, March 1994, Vol. 2",application/pdf,SFWBC Newsletter,Southeastern Free Will Baptist College,1994-03,four-page; newsletter,"""Let's Have a Family Reunion""; Revival and Soul Winning Conference; Graduation; Alumni; Choir Reunion; Needs; ""New Promotional Director says, 'We're Excited at Southeastern'""; Special Thanks","35º 47' 59.4126'' N, 78º 24' 59.8032'' W",SFWBC Archives,https://drive.google.com/file/d/1x4OGesxzW4ht3uiMSI2QXdnCPEOwR6Jq/view?usp=sharing,"Educational use includes non-commercial use of text and images in materials for teaching and research purposes. Digital reproduction permissions granted by Southeastern Free Will Baptist College Library. For other uses beyond free use, please contact SFWBC Library at catherine.pendley@sfwbc.edu.",https://rightsstatements.org/vocab/InC-EDU/1.0/,Image,eng
standard053,standard_may_1994.pdf,"Standard, Vol. 8, May 1994, No. 3",application/pdf,SFWBC Newsletter,Southeastern Free Will Baptist College,1994-05,four-page; newsletter,"""Soldiers or Softies?""; Alumni; Summer Missions; Graduation; Needs; ""A Tribute to Randy Sawyer""; Conference on Revival and Soul Winning; Special Thanks","35º 47' 59.4126'' N, 78º 24' 59.8032'' W",SFWBC Archives,https://drive.google.com/file/d/1YMg50lhLuxfyRUMagAJpVWG5ctUCmQAR/view?usp=sharing,"Educational use includes non-commercial use of text and images in materials for teaching and research purposes. Digital reproduction permissions granted by Southeastern Free Will Baptist College Library. For other uses beyond free use, please contact SFWBC Library at catherine.pendley@sfwbc.edu.",https://rightsstatements.org/vocab/InC-EDU/1.0/,Image,eng
standard054,standard_july_1994.pdf,"Standard, Vol. 8, July 1994, No. 4",application/pdf,SFWBC Newsletter,Southeastern Free Will Baptist College,1994-07,four-page; newsletter,"""Why I Use the King James Version""; Faculty; Scholarships; Missions Conference; Alumni; Donations; Music Recordings; Promotional Schedule; Upcoming Events; Needs","35º 47' 59.4126'' N, 78º 24' 59.8032'' W",SFWBC Archives,https://drive.google.com/file/d/1_Ddgjx3am50W8t32dn1TOttAzKWVfflL/view?usp=sharing,"Educational use includes non-commercial use of text and images in materials for teaching and research purposes. Digital reproduction permissions granted by Southeastern Free Will Baptist College Library. For other uses beyond free use, please contact SFWBC Library at catherine.pendley@sfwbc.edu.",https://rightsstatements.org/vocab/InC-EDU/1.0/,Image,eng
standard055,standard_sept_1994.pdf,"Standard, Vol. 8, September 1994, No. 5",application/pdf,SFWBC Newsletter,Southeastern Free Will Baptist College,1994-09,four-page; newsletter,"""Should We Care about Quality?""; Enrollment; Alumni; Missions Conference; Summer Groups; Testimonies; Music Recordings; Ensemble; Donations; Special Thanks","35º 47' 59.4126'' N, 78º 24' 59.8032'' W",SFWBC Archives,https://drive.google.com/file/d/1RCV3okxnzU-AyBaUbJ-lZtoFOkD2UpcT/view?usp=sharing,"Educational use includes non-commercial use of text and images in materials for teaching and research purposes. Digital reproduction permissions granted by Southeastern Free Will Baptist College Library. For other uses beyond free use, please contact SFWBC Library at catherine.pendley@sfwbc.edu.",https://rightsstatements.org/vocab/InC-EDU/1.0/,Image,eng
standard056,standard_nov_1994.pdf,"Standard, Vol. 8, November 1994, No. 6",application/pdf,SFWBC Newsletter,Southeastern Free Will Baptist College,1994-11,six-page; newsletter,"""The Grace of Gratitude""; Golf Tournament; Special Thanks; Needs; Missions Retreat; Missions Conference; Testimonies; Alumni; Promotional Schedule","35º 47' 59.4126'' N, 78º 24' 59.8032'' W",SFWBC Archives,https://drive.google.com/file/d/1djNS8cpwJCqYzsrIjPZMEtPWu7HA1nyN/view?usp=sharing,"Educational use includes non-commercial use of text and images in materials for teaching and research purposes. Digital reproduction permissions granted by Southeastern Free Will Baptist College Library. For other uses beyond free use, please contact SFWBC Library at catherine.pendley@sfwbc.edu.",https://rightsstatements.org/vocab/InC-EDU/1.0/,Image,eng
standard057,standard_jan_1995.pdf,"Standard, Vol. 9, January 1995, No. 1",application/pdf,SFWBC Newsletter,Southeastern Free Will Baptist College,1995-01,four-page; newsletter,"""Great Preaching Conference Planned for Spring Meeting""; Upcoming Events; Congratulations; Testimonies; Special Thanks; Promotional Schedule; Ensemble; Alumni; Honor Roll","35º 47' 59.4126'' N, 78º 24' 59.8032'' W",SFWBC Archives,https://drive.google.com/file/d/1JsoEgLtBZDU37hpsw2e9ARSPH66zMZvk/view?usp=sharing,"Educational use includes non-commercial use of text and images in materials for teaching and research purposes. Digital reproduction permissions granted by Southeastern Free Will Baptist College Library. For other uses beyond free use, please contact SFWBC Library at catherine.pendley@sfwbc.edu.",https://rightsstatements.org/vocab/InC-EDU/1.0/,Image,eng
standard058,standard_mar_1995.pdf,"Standard, Vol. 9, March 1995, No. 2",application/pdf,SFWBC Newsletter,Southeastern Free Will Baptist College,1995-03,four-page; newsletter,"""Preach, Preacher, Preach!""; Who's Who; Music Recordings; Alumni; Promotional Schedule; Friends of Southeastern Banquet; Revival and Soul Winning Conference","35º 47' 59.4126'' N, 78º 24' 59.8032'' W",SFWBC Archives,https://drive.google.com/file/d/1ItNCGEry9vn70Fs-pni5s2JD22r7ptrR/view?usp=sharing,"Educational use includes non-commercial use of text and images in materials for teaching and research purposes. Digital reproduction permissions granted by Southeastern Free Will Baptist College Library. For other uses beyond free use, please contact SFWBC Library at catherine.pendley@sfwbc.edu.",https://rightsstatements.org/vocab/InC-EDU/1.0/,Image,eng
standard059,standard_may_1995.pdf,"Standard, Vol. 9, May 1995, No. 3",application/pdf,SFWBC Newsletter,Southeastern Free Will Baptist College,1995-05,four-page; newsletter,"""Dead or Alive?""; Overseas Summer School; Revival and Soul Winning Conference; Prayer Request; Alumni Reception; 100 Club; Alumni; Graduation; Ensemble; Friends of Southeastern Banquet","35º 47' 59.4126'' N, 78º 24' 59.8032'' W",SFWBC Archives,https://drive.google.com/file/d/1mp705h3xUlyeKt98b9HXcY4krvHiit9v/view?usp=sharing,"Educational use includes non-commercial use of text and images in materials for teaching and research purposes. Digital reproduction permissions granted by Southeastern Free Will Baptist College Library. For other uses beyond free use, please contact SFWBC Library at catherine.pendley@sfwbc.edu.",https://rightsstatements.org/vocab/InC-EDU/1.0/,Image,eng
standard060,standard_july_1995.pdf,"Standard, Vol. 9, July 1995, No. 4",application/pdf,SFWBC Newsletter,Southeastern Free Will Baptist College,1995-07,four-page; newsletter,"""Mischa Bevan Memorial Scholarship Fund Established""; ""Sounds of Praise Make Television Appearance""; Southeastern Day; Upcoming Events; Staff; Alumni; Friends of Southeastern Banquet","35º 47' 59.4126'' N, 78º 24' 59.8032'' W",SFWBC Archives,https://drive.google.com/file/d/1P4Sh_A0mPyTGFMRr6iNW8NUTQwCpzkBx/view?usp=sharing,"Educational use includes non-commercial use of text and images in materials for teaching and research purposes. Digital reproduction permissions granted by Southeastern Free Will Baptist College Library. For other uses beyond free use, please contact SFWBC Library at catherine.pendley@sfwbc.edu.",https://rightsstatements.org/vocab/InC-EDU/1.0/,Image,eng
standard061,standard_sept_1995.pdf,"Standard, Vol. 9, September 1995, No. 5",application/pdf,SFWBC Newsletter,Southeastern Free Will Baptist College,1995-09,four-page; newsletter,"""Do You Have a Missionary Heart?""; Micha Bevan Memorial Scholarship Fund; Enrollment; Friends of Southeastern Banquet; Missionary Conference; Overseas Summer School; Faculty; Needs; Alumni; Upcoming Events","35º 47' 59.4126'' N, 78º 24' 59.8032'' W",SFWBC Archives,https://drive.google.com/file/d/1_aLKq7ljodbB0G0Sx_Av1_SuogV6Lnar/view?usp=sharing,"Educational use includes non-commercial use of text and images in materials for teaching and research purposes. Digital reproduction permissions granted by Southeastern Free Will Baptist College Library. For other uses beyond free use, please contact SFWBC Library at catherine.pendley@sfwbc.edu.",https://rightsstatements.org/vocab/InC-EDU/1.0/,Image,eng
standard062,standard_nov_1995.pdf,"Standard, Vol. 9, November 1995, No. 6",application/pdf,SFWBC Newsletter,Southeastern Free Will Baptist College,1995-11,four-page; newsletter,"""When Was the Last Time You Thanked God for Walmart and Food Lion?""; Needs; Mischa Bevan Memorial Scholarship; Workers Available; Upcoming Events; Missions Conference; ""Members of Local Congregation Spruce Up Campus""; Get Acquainted Days; Alumni","35º 47' 59.4126'' N, 78º 24' 59.8032'' W",SFWBC Archives,https://drive.google.com/file/d/1j7XWPBpUnW6XvEvosMSUM7_rWVzo-qfR/view?usp=sharing,"Educational use includes non-commercial use of text and images in materials for teaching and research purposes. Digital reproduction permissions granted by Southeastern Free Will Baptist College Library. For other uses beyond free use, please contact SFWBC Library at catherine.pendley@sfwbc.edu.",https://rightsstatements.org/vocab/InC-EDU/1.0/,Image,eng
standard063,standard_jan_1996.pdf,"Standard, Vol. 10, January 1996, No. 1",application/pdf,SFWBC Newsletter,Southeastern Free Will Baptist College,1996-01,four-page; newsletter,Spring Conference; Lighting of the Campus; Donations; Dean's List; Fundraiser; Upcoming Events,"35º 47' 59.4126'' N, 78º 24' 59.8032'' W",SFWBC Archives,https://drive.google.com/file/d/1eNBAY7ojJ1jJIIPCQCZu1jCCROX7wxMk/view?usp=sharing,"Educational use includes non-commercial use of text and images in materials for teaching and research purposes. Digital reproduction permissions granted by Southeastern Free Will Baptist College Library. For other uses beyond free use, please contact SFWBC Library at catherine.pendley@sfwbc.edu.",https://rightsstatements.org/vocab/InC-EDU/1.0/,Image,eng
standard064,standard_mar_1996.pdf,"Standard, Vol. 10, March 1996, No. 2",application/pdf,SFWBC Newsletter,Southeastern Free Will Baptist College,1996-03,four-page; newsletter,"""I'll Never Be the Same Again""; Camp Meeting; Tip-Off Tournament; Graduation Speaker; Alumni","35º 47' 59.4126'' N, 78º 24' 59.8032'' W",SFWBC Archives,https://drive.google.com/file/d/1-St5z3LFotzpIqDT7jofaO4l0BfadHnz/view?usp=sharing,"Educational use includes non-commercial use of text and images in materials for teaching and research purposes. Digital reproduction permissions granted by Southeastern Free Will Baptist College Library. For other uses beyond free use, please contact SFWBC Library at catherine.pendley@sfwbc.edu.",https://rightsstatements.org/vocab/InC-EDU/1.0/,Image,eng
standard065,standard_may_1996.pdf,"Standard, Vol. 10, May 1996, No. 3",application/pdf,SFWBC Newsletter,Southeastern Free Will Baptist College,1996-05,four-page; newsletter,"""Looking Back at Camp Meeting '96""; Graduation; Summer Missions; Alumni; Dean's List; Promotional Schedule; Honors","35º 47' 59.4126'' N, 78º 24' 59.8032'' W",SFWBC Archives,https://drive.google.com/file/d/1pRX6aol1kyr9jSjGrdmHU4ZeayWdjBfv/view?usp=sharing,"Educational use includes non-commercial use of text and images in materials for teaching and research purposes. Digital reproduction permissions granted by Southeastern Free Will Baptist College Library. For other uses beyond free use, please contact SFWBC Library at catherine.pendley@sfwbc.edu.",https://rightsstatements.org/vocab/InC-EDU/1.0/,Image,eng
standard066,standard_july_1996.pdf,"Standard, Vol. 10, July 1996, No. 4",application/pdf,SFWBC Newsletter,Southeastern Free Will Baptist College,1996-07,four-page; newsletter,"""Southeastern Announces Full-Time President""; Upcoming Events; ""Building the Dream""; Staff; Business Program; Missions Conference; Scholarships; Enrollment; Special Thanks","35º 47' 59.4126'' N, 78º 24' 59.8032'' W",SFWBC Archives,https://drive.google.com/file/d/1sApmOSaSUVyCCxcMoDMO0RBaMBrvH71j/view?usp=sharing,"Educational use includes non-commercial use of text and images in materials for teaching and research purposes. Digital reproduction permissions granted by Southeastern Free Will Baptist College Library. For other uses beyond free use, please contact SFWBC Library at catherine.pendley@sfwbc.edu.",https://rightsstatements.org/vocab/InC-EDU/1.0/,Image,eng
standard067,standard_sept_1996.pdf,"Standard, Vol. 10, September 1996, No. 5",application/pdf,SFWBC Newsletter,Southeastern Free Will Baptist College,1996-09,four-page; newsletter,"""Fran-i-cized""; Updates; Enrollment; Upcoming Events; Summer Missions; Building Program; Missions Conference; Special Thanks","35º 47' 59.4126'' N, 78º 24' 59.8032'' W",SFWBC Archives,https://drive.google.com/file/d/1uBbaOKf1BYoQ4c2pdJCeYkL8PK7-BoaE/view?usp=sharing,"Educational use includes non-commercial use of text and images in materials for teaching and research purposes. Digital reproduction permissions granted by Southeastern Free Will Baptist College Library. For other uses beyond free use, please contact SFWBC Library at catherine.pendley@sfwbc.edu.",https://rightsstatements.org/vocab/InC-EDU/1.0/,Image,eng
standard068,standard_nov_1996.pdf,"Standard, Vol. 10, November 1996, No. 6",application/pdf,SFWBC Newsletter,Southeastern Free Will Baptist College,1996-11,four-page; newsletter,"""We Have No Choice!""; Donations; Mischa Bevan Memorial Scholarship; Missions Conference; Missions Retreat; Alumni","35º 47' 59.4126'' N, 78º 24' 59.8032'' W",SFWBC Archives,https://drive.google.com/file/d/1wP_dKOcdEpe7MJayuWKy3v0iEIVw57ZU/view?usp=sharing,"Educational use includes non-commercial use of text and images in materials for teaching and research purposes. Digital reproduction permissions granted by Southeastern Free Will Baptist College Library. For other uses beyond free use, please contact SFWBC Library at catherine.pendley@sfwbc.edu.",https://rightsstatements.org/vocab/InC-EDU/1.0/,Image,eng